Season,Competition,Matchday,Venue,Club,Opponent,Playing_Position,Minute,Minute,Type,Goal_assist
5-Apr,LaLiga,34,H,FC Barcelona,Albacete Balompie,CF,90+1,90+1,Left-footed shot,Ronaldinho Gaacho
6-May,UEFA Champions League,Group Stage,H,FC Barcelona,Panathinaikos Athens,RW,34,34,Left-footed shot,
6-May,LaLiga,13,H,FC Barcelona,Racing Santander,RW,51,51,Left-footed shot,Samuel Etoo
6-May,LaLiga,19,H,FC Barcelona,Athletic Bilbao,RW,50,50,Left-footed shot,Mark van Bommel
6-May,LaLiga,20,H,FC Barcelona,Deportivo Alaves,CF,82,82,Left-footed shot,Ronaldinho Gaacho
6-May,LaLiga,21,A,FC Barcelona,RCD Mallorca,CF,75,75,Right-footed shot,Sylvinho
6-May,LaLiga,21,A,FC Barcelona,RCD Mallorca,CF,83,83,Left-footed shot,Ronaldinho Gaacho
6-May,Copa del Rey,Quarter-Finals,H,FC Barcelona,Real Zaragoza,CF,42,42,Header,Ludovic Giuly
6-May,LaLiga,24,H,FC Barcelona,Real Betis Balompie,RW,84,84,Left-footed shot,
7-Jun,LaLiga,1,A,FC Barcelona,Celta de Vigo,LW,59,59,Left-footed shot,Andres Iniesta
7-Jun,LaLiga,2,H,FC Barcelona,CA Osasuna,RW,36,36,Left-footed shot,Samuel Etoo
7-Jun,UEFA Champions League,Group Stage,A,FC Barcelona,SV Werder Bremen,RW,89,89,Left-footed shot,Deco
7-Jun,LaLiga,6,H,FC Barcelona,Sevilla FC,RW,80,80,Right-footed shot,Xavi
7-Jun,LaLiga,26,H,FC Barcelona,Real Madrid,RW,11,11,Left-footed shot,Samuel Etoo
7-Jun,LaLiga,26,H,FC Barcelona,Real Madrid,RW,28,28,Left-footed shot,
7-Jun,LaLiga,26,H,FC Barcelona,Real Madrid,RW,90+1,90+1,Left-footed shot,Ronaldinho Gaacho
7-Jun,LaLiga,27,A,FC Barcelona,Recreativo Huelva,RW,86,86,Left-footed shot,
7-Jun,LaLiga,28,H,FC Barcelona,Deportivo de La Coruaa,RW,45,45,Left-footed shot,Ronaldinho Gaacho
7-Jun,Copa del Rey,Semi-Finals,H,FC Barcelona,Getafe CF,RW,29,29,Solo run,Xavi
7-Jun,Copa del Rey,Semi-Finals,H,FC Barcelona,Getafe CF,RW,45,45,Left-footed shot,Deco
7-Jun,LaLiga,35,A,FC Barcelona,Atletico de Madrid,RW,39,39,Left-footed shot,Samuel Etoo
7-Jun,LaLiga,35,A,FC Barcelona,Atletico de Madrid,RW,80,80,Left-footed shot,Giovanni van Bronckhorst
7-Jun,LaLiga,37,H,FC Barcelona,RCD Espanyol Barcelona,RW,43,43,,Gianluca Zambrotta
7-Jun,LaLiga,37,H,FC Barcelona,RCD Espanyol Barcelona,RW,57,57,Right-footed shot,Deco
7-Jun,LaLiga,38,A,FC Barcelona,Gimnastic de Tarragona,RW,34,34,Left-footed shot,Deco
7-Jun,LaLiga,38,A,FC Barcelona,Gimnastic de Tarragona,RW,51,51,Left-footed shot,Deco
8-Jul,UEFA Champions League,Group Stage,H,FC Barcelona,Olympique Lyon,RW,82,82,Left-footed shot,Andres Iniesta
8-Jul,LaLiga,4,H,FC Barcelona,Sevilla FC,RW,72,72,Left-footed shot,Thierry Henry
8-Jul,LaLiga,4,H,FC Barcelona,Sevilla FC,RW,79,79,Penalty,
8-Jul,LaLiga,5,H,FC Barcelona,Real Zaragoza,RW,5,5,Left-footed shot,Thierry Henry
8-Jul,LaLiga,5,H,FC Barcelona,Real Zaragoza,RW,10,10,Left-footed shot,Deco
8-Jul,LaLiga,6,A,FC Barcelona,Levante UD,RW,50,50,Left-footed shot,Deco
8-Jul,UEFA Champions League,Group Stage,A,FC Barcelona,VfB Stuttgart,RW,66,66,Deflected shot on goal,Thierry Henry
8-Jul,LaLiga,7,H,FC Barcelona,Atletico de Madrid,RW,19,19,Left-footed shot,Ronaldinho Gaacho
8-Jul,LaLiga,9,H,FC Barcelona,UD Almera,RW,80,80,Penalty,
8-Jul,UEFA Champions League,Group Stage,H,FC Barcelona,Rangers FC,RW,41,41,Left-footed shot,Ronaldinho Gaacho
8-Jul,LaLiga,13,H,FC Barcelona,Recreativo Huelva,RW,81,81,Penalty,
8-Jul,UEFA Champions League,Group Stage,A,FC Barcelona,Olympique Lyon,RW,58,58,Penalty,
8-Jul,UEFA Champions League,last 16,A,FC Barcelona,Celtic FC,RW,18,18,Left-footed shot,Deco
8-Jul,UEFA Champions League,last 16,A,FC Barcelona,Celtic FC,RW,79,79,Left-footed shot,
8-Jul,LaLiga,25,H,FC Barcelona,Levante UD,RW,44,44,Left-footed shot,Xavi
8-Jul,LaLiga,35,H,FC Barcelona,Valencia CF,RW,5,5,Penalty,
9-Aug,LaLiga,2,H,FC Barcelona,Racing Santander,RW,70,70,Penalty,
9-Aug,LaLiga,3,A,FC Barcelona,Sporting GijÃ³n,RW,85,85,Left-footed shot,Andres Iniesta
9-Aug,LaLiga,3,A,FC Barcelona,Sporting GijÃ³n,RW,89,89,Header,Xavi
9-Aug,LaLiga,5,A,FC Barcelona,RCD Espanyol Barcelona,RW,90,90,Penalty,
9-Aug,UEFA Champions League,Group Stage,A,FC Barcelona,Shakhtar Donetsk,RW,87,87,Right-footed shot,Bojan Krkic
9-Aug,UEFA Champions League,Group Stage,A,FC Barcelona,Shakhtar Donetsk,RW,90+2,90+2,Left-footed shot,Xavi
9-Aug,LaLiga,6,H,FC Barcelona,Atletico de Madrid,RW,8,8,Direct free kick,
9-Aug,UEFA Champions League,Group Stage,A,FC Barcelona,FC Basel 1893,CF,4,4,Left-footed shot,Dani Alves
9-Aug,LaLiga,9,A,FC Barcelona,Malaga CF,RW,19,19,Left-footed shot,
9-Aug,UEFA Champions League,Group Stage,H,FC Barcelona,FC Basel 1893,RW,61,61,Left-footed shot,Thierry Henry
9-Aug,Copa del Rey,Fifth Round,H,FC Barcelona,Benidorm CD,RW,86,86,Penalty rebound,
9-Aug,LaLiga,11,A,FC Barcelona,Recreativo Huelva,RW,51,51,Left-footed shot,Xavi
9-Aug,UEFA Champions League,Group Stage,A,FC Barcelona,Sporting CP,RW,49,49,Left-footed shot,Dani Alves
9-Aug,LaLiga,13,A,FC Barcelona,Sevilla FC,RW,78,78,Left-footed shot,Xavi
9-Aug,LaLiga,13,A,FC Barcelona,Sevilla FC,RW,90+2,90+2,Left-footed shot,Aleksandr Hleb
9-Aug,LaLiga,15,H,FC Barcelona,Real Madrid,RW,89,89,Counter attack goal,Thierry Henry
9-Aug,Copa del Rey,Round of 16,A,FC Barcelona,Atletico de Madrid,RW,11,11,Left-footed shot,Dani Alves
9-Aug,Copa del Rey,Round of 16,A,FC Barcelona,Atletico de Madrid,RW,57,57,Penalty,
9-Aug,Copa del Rey,Round of 16,A,FC Barcelona,Atletico de Madrid,RW,79,79,Right-footed shot,Andres Iniesta
9-Aug,LaLiga,18,A,FC Barcelona,CA Osasuna,RW,84,84,Left-footed shot,Dani Alves
9-Aug,LaLiga,19,H,FC Barcelona,Deportivo de La Coruaa,RW,21,21,Left-footed shot,
9-Aug,LaLiga,20,H,FC Barcelona,CD Numancia,RW,49,49,Left-footed shot,Dani Alves
9-Aug,LaLiga,20,H,FC Barcelona,CD Numancia,RW,76,76,Right-footed shot,
9-Aug,LaLiga,21,A,FC Barcelona,Racing Santander,RW,65,65,Right-footed shot,Xavi
9-Aug,LaLiga,21,A,FC Barcelona,Racing Santander,RW,81,81,Right-footed shot,
9-Aug,LaLiga,25,A,FC Barcelona,Atletico de Madrid,RW,30,30,Left-footed shot,
9-Aug,Copa del Rey,Semi-Finals,A,FC Barcelona,RCD Mallorca,RW,81,81,Left-footed shot,Gerard Pique
9-Aug,LaLiga,26,H,FC Barcelona,Athletic Bilbao,RW,31,31,Penalty,
9-Aug,UEFA Champions League,last 16,H,FC Barcelona,Olympique Lyon,RW,40,40,Left-footed shot,Samuel Etoo
9-Aug,LaLiga,28,H,FC Barcelona,Malaga CF,RW,26,26,Right-footed shot,Xavi
9-Aug,UEFA Champions League,Quarter-Finals,H,FC Barcelona,Bayern Munich,RW,9,9,Left-footed shot,Samuel Etoo
9-Aug,UEFA Champions League,Quarter-Finals,H,FC Barcelona,Bayern Munich,RW,38,38,Right-footed shot,Thierry Henry
9-Aug,LaLiga,31,A,FC Barcelona,Getafe CF,RW,18,18,Left-footed shot,Xavi
9-Aug,LaLiga,33,A,FC Barcelona,Valencia CF,RW,23,23,Left-footed shot,Andres Iniesta
9-Aug,LaLiga,34,A,FC Barcelona,Real Madrid,CF,35,35,Left-footed shot,Xavi
9-Aug,LaLiga,34,A,FC Barcelona,Real Madrid,CF,75,75,Left-footed shot,Xavi
9-Aug,Copa del Rey,Final,H,FC Barcelona,Athletic Bilbao,RW,55,55,Left-footed shot,Samuel Etoo
9-Aug,UEFA Champions League,Final,H,FC Barcelona,Manchester United,CF,70,70,Header,Xavi
10-Sep,Supercopa,final,H,FC Barcelona,Athletic Bilbao,RW,50,50,Right-footed shot,Zlatan Ibrahimovic
10-Sep,Supercopa,final,H,FC Barcelona,Athletic Bilbao,RW,68,68,Penalty,
10-Sep,LaLiga,2,A,FC Barcelona,Getafe CF,RW,78,78,Header,Zlatan Ibrahimovic
10-Sep,LaLiga,3,H,FC Barcelona,Atletico de Madrid,RW,15,15,Left-footed shot,Xavi
10-Sep,LaLiga,3,H,FC Barcelona,Atletico de Madrid,RW,90+3,90+3,Right-footed shot,Dani Alves
10-Sep,LaLiga,4,A,FC Barcelona,Racing Santander,RW,23,23,Left-footed shot,Xavi
10-Sep,LaLiga,4,A,FC Barcelona,Racing Santander,RW,63,63,Left-footed shot,Xavi
10-Sep,UEFA Champions League,Group Stage,H,FC Barcelona,Dynamo Kyiv,RW,25,25,Left-footed shot,Andres Iniesta
10-Sep,LaLiga,8,H,FC Barcelona,Real Zaragoza,RW,80,80,Left-footed shot,Andres Iniesta
10-Sep,LaLiga,10,H,FC Barcelona,RCD Mallorca,RW,86,86,Penalty,
10-Sep,Copa del Rey,5th round,H,FC Barcelona,Cultural Leonesa,RW,64,64,Left-footed shot,Pedro
10-Sep,LaLiga,13,A,FC Barcelona,Deportivo de La Coruaa,RW,26,26,Left-footed shot,Dani Alves
10-Sep,LaLiga,13,A,FC Barcelona,Deportivo de La Coruaa,RW,80,80,Header,Pedro
10-Sep,UEFA Champions League,Group Stage,A,FC Barcelona,Dynamo Kyiv,RW,86,86,Direct free kick,
10-Sep,FIFA Club World Cup,Semi-Finals,A,FC Barcelona,CF Atlante,RW,55,55,Left-footed shot,Zlatan Ibrahimovic
10-Sep,FIFA Club World Cup,Final,A,FC Barcelona,Club Estudiantes de La Plata,RW,110,110,Chest,Dani Alves
10-Sep,LaLiga,17,A,FC Barcelona,CD Tenerife,RW,36,36,Left-footed shot,Bojan Krkic
10-Sep,LaLiga,17,A,FC Barcelona,CD Tenerife,RW,45,45,Right-footed shot,Bojan Krkic
10-Sep,LaLiga,17,A,FC Barcelona,CD Tenerife,RW,75,75,Left-footed shot,Bojan Krkic
10-Sep,LaLiga,18,H,FC Barcelona,Sevilla FC,RW,85,85,Left-footed shot,Dani Alves
10-Sep,LaLiga,18,H,FC Barcelona,Sevilla FC,RW,90+1,90+1,Left-footed shot,Ã‰ric Abidal
10-Sep,LaLiga,19,A,FC Barcelona,Real Valladolid CF,RW,54,54,Left-footed shot,Zlatan Ibrahimovic
10-Sep,LaLiga,21,H,FC Barcelona,Getafe CF,RW,7,7,Left-footed shot,Yaya Toure
10-Sep,LaLiga,24,H,FC Barcelona,Malaga CF,RW,84,84,Right-footed shot,Dani Alves
10-Sep,LaLiga,25,A,FC Barcelona,UD Almera,RW,42,42,Direct free kick,
10-Sep,LaLiga,25,A,FC Barcelona,UD Almera,RW,66,66,Left-footed shot,
10-Sep,LaLiga,26,H,FC Barcelona,Valencia CF,CF,56,56,Left-footed shot,Xavi
10-Sep,LaLiga,26,H,FC Barcelona,Valencia CF,CF,80,80,Left-footed shot,Thierry Henry
10-Sep,LaLiga,26,H,FC Barcelona,Valencia CF,CF,82,82,Right-footed shot,Thierry Henry
10-Sep,UEFA Champions League,last 16,H,FC Barcelona,VfB Stuttgart,CF,13,13,Left-footed shot,Yaya Toure
10-Sep,UEFA Champions League,last 16,H,FC Barcelona,VfB Stuttgart,CF,56,56,Left-footed shot,Dani Alves
10-Sep,LaLiga,27,A,FC Barcelona,Real Zaragoza,RW,4,4,Header,Pedro
10-Sep,LaLiga,27,A,FC Barcelona,Real Zaragoza,RW,65,65,Left-footed shot,
10-Sep,LaLiga,27,A,FC Barcelona,Real Zaragoza,RW,78,78,Left-footed shot,Andres Iniesta
10-Sep,LaLiga,30,H,FC Barcelona,Athletic Bilbao,CF,67,67,Left-footed shot,Pedro
10-Sep,UEFA Champions League,Quarter-Finals,H,FC Barcelona,Arsenal FC,CF,21,21,Left-footed shot,
10-Sep,UEFA Champions League,Quarter-Finals,H,FC Barcelona,Arsenal FC,CF,37,37,Right-footed shot,Pedro
10-Sep,UEFA Champions League,Quarter-Finals,H,FC Barcelona,Arsenal FC,CF,42,42,Left-footed shot,Seydou Keita
10-Sep,UEFA Champions League,Quarter-Finals,H,FC Barcelona,Arsenal FC,CF,88,88,Left-footed shot,Xavi
10-Sep,LaLiga,31,A,FC Barcelona,Real Madrid,CF,32,32,Right-footed shot,Xavi
10-Sep,LaLiga,35,A,FC Barcelona,Villarreal CF,RW,18,18,Left-footed shot,Xavi
10-Sep,LaLiga,35,A,FC Barcelona,Villarreal CF,RW,87,87,Left-footed shot,Dani Alves
10-Sep,LaLiga,36,H,FC Barcelona,CD Tenerife,RW,16,16,Right-footed shot,Zlatan Ibrahimovic
10-Sep,LaLiga,36,H,FC Barcelona,CD Tenerife,RW,90+3,90+3,Right-footed shot,Dani Alves
10-Sep,LaLiga,37,A,FC Barcelona,Sevilla FC,RW,5,5,Left-footed shot,Maxwell
10-Sep,LaLiga,38,H,FC Barcelona,Real Valladolid CF,RW,61,61,Right-footed shot,Yaya Toure
10-Sep,LaLiga,38,H,FC Barcelona,Real Valladolid CF,RW,74,74,Left-footed shot,Yaya Toure
11-Oct,Supercopa,final,H,FC Barcelona,Sevilla FC,RW,25,25,Left-footed shot,Xavi
11-Oct,Supercopa,final,H,FC Barcelona,Sevilla FC,RW,43,43,Right-footed shot,Dani Alves
11-Oct,Supercopa,final,H,FC Barcelona,Sevilla FC,RW,90+1,90+1,Left-footed shot,Andres Iniesta
11-Oct,LaLiga,1,A,FC Barcelona,Racing Santander,RW,3,3,Left-footed shot,Andres Iniesta
11-Oct,UEFA Champions League,Group Stage,H,FC Barcelona,Panathinaikos Athens,CF,22,22,Left-footed shot,Xavi
11-Oct,UEFA Champions League,Group Stage,H,FC Barcelona,Panathinaikos Athens,CF,45,45,Left-footed shot,Pedro
11-Oct,LaLiga,3,A,FC Barcelona,Atletico de Madrid,CF,12,12,Left-footed shot,Pedro
11-Oct,LaLiga,6,H,FC Barcelona,RCD Mallorca,CF,20,20,Left-footed shot,Pedro
11-Oct,UEFA Champions League,Group Stage,H,FC Barcelona,FC Copenhagen,CF,18,18,Left-footed shot,Andres Iniesta
11-Oct,UEFA Champions League,Group Stage,H,FC Barcelona,FC Copenhagen,CF,90+1,90+1,Left-footed shot,Ã‰ric Abidal
11-Oct,LaLiga,8,A,FC Barcelona,Real Zaragoza,CF,41,41,Left-footed shot,David Villa
11-Oct,LaLiga,8,A,FC Barcelona,Real Zaragoza,CF,65,65,Left-footed shot,
11-Oct,LaLiga,9,H,FC Barcelona,Sevilla FC,RW,4,4,Left-footed shot,
11-Oct,LaLiga,9,H,FC Barcelona,Sevilla FC,RW,63,63,Left-footed shot,
11-Oct,UEFA Champions League,Group Stage,A,FC Barcelona,FC Copenhagen,CF,31,31,Right-footed shot,
11-Oct,LaLiga,10,A,FC Barcelona,Getafe CF,CF,23,23,Left-footed shot,David Villa
11-Oct,Copa del Rey,4th round,H,FC Barcelona,Club Atletico de Ceuta,RW,67,67,Left-footed shot,Thiago
11-Oct,LaLiga,11,H,FC Barcelona,Villarreal CF,CF,58,58,Right-footed shot,Pedro
11-Oct,LaLiga,11,H,FC Barcelona,Villarreal CF,CF,83,83,Left-footed shot,Pedro
11-Oct,LaLiga,12,A,FC Barcelona,UD Almera,CF,16,16,Left-footed shot,David Villa
11-Oct,LaLiga,12,A,FC Barcelona,UD Almera,CF,36,36,Tap-in,
11-Oct,LaLiga,12,A,FC Barcelona,UD Almera,CF,67,67,Tap-in,David Villa
11-Oct,UEFA Champions League,Group Stage,A,FC Barcelona,Panathinaikos Athens,CF,63,63,Left-footed shot,Adriano
11-Oct,LaLiga,14,A,FC Barcelona,CA Osasuna,CF,64,64,Left-footed shot,David Villa
11-Oct,LaLiga,14,A,FC Barcelona,CA Osasuna,CF,82,82,Penalty,
11-Oct,LaLiga,15,H,FC Barcelona,Real Sociedad,CF,46,46,Left-footed shot,Dani Alves
11-Oct,LaLiga,15,H,FC Barcelona,Real Sociedad,CF,86,86,Left-footed shot,Bojan Krkic
11-Oct,LaLiga,18,A,FC Barcelona,Deportivo de La Coruaa,CF,51,51,Direct free kick,
11-Oct,Copa del Rey,Quarter-Finals,H,FC Barcelona,Real Betis Balompie,CF,44,44,Left-footed shot,Andres Iniesta
11-Oct,Copa del Rey,Quarter-Finals,H,FC Barcelona,Real Betis Balompie,CF,63,63,Left-footed shot,
11-Oct,Copa del Rey,Quarter-Finals,H,FC Barcelona,Real Betis Balompie,CF,73,73,Left-footed shot,Xavi
11-Oct,Copa del Rey,Quarter-Finals,A,FC Barcelona,Real Betis Balompie,RW,37,37,Left-footed shot,Xavi
11-Oct,LaLiga,20,H,FC Barcelona,Racing Santander,CF,33,33,Penalty,
11-Oct,Copa del Rey,Semi-Finals,H,FC Barcelona,UD Almera,CF,9,9,Left-footed shot,Pedro
11-Oct,Copa del Rey,Semi-Finals,H,FC Barcelona,UD Almera,CF,15,15,Left-footed shot,Andres Iniesta
11-Oct,LaLiga,21,A,FC Barcelona,Hercules CF,CF,87,87,Left-footed shot,Dani Alves
11-Oct,LaLiga,21,A,FC Barcelona,Hercules CF,CF,89,89,Left-footed shot,Dani Alves
11-Oct,LaLiga,22,H,FC Barcelona,Atletico de Madrid,CF,16,16,Left-footed shot,Dani Alves
11-Oct,LaLiga,22,H,FC Barcelona,Atletico de Madrid,CF,28,28,Left-footed shot,Pedro
11-Oct,LaLiga,22,H,FC Barcelona,Atletico de Madrid,CF,78,78,Left-footed shot,David Villa
11-Oct,LaLiga,24,H,FC Barcelona,Athletic Bilbao,CF,78,78,Right-footed shot,Dani Alves
11-Oct,LaLiga,25,A,FC Barcelona,RCD Mallorca,CF,38,38,Header,Seydou Keita
11-Oct,LaLiga,26,A,FC Barcelona,Valencia CF,CF,77,77,Left-footed shot,Adriano
11-Oct,UEFA Champions League,last 16,H,FC Barcelona,Arsenal FC,RW,49,49,Left-footed shot,Andres Iniesta
11-Oct,UEFA Champions League,last 16,H,FC Barcelona,Arsenal FC,RW,72,72,Penalty,
11-Oct,LaLiga,31,H,FC Barcelona,UD Almera,CF,52,52,Penalty,
11-Oct,LaLiga,31,H,FC Barcelona,UD Almera,CF,90+1,90+1,Left-footed shot,Seydou Keita
11-Oct,UEFA Champions League,Quarter-Finals,A,FC Barcelona,Shakhtar Donetsk,CF,42,42,Left-footed shot,Dani Alves
11-Oct,LaLiga,32,A,FC Barcelona,Real Madrid,CF,53,53,Penalty,
11-Oct,LaLiga,33,H,FC Barcelona,CA Osasuna,CF,87,87,Right-footed shot,Dani Alves
11-Oct,UEFA Champions League,Semi-Finals,A,FC Barcelona,Real Madrid,CF,76,76,Left-footed shot,Ibrahim Afellay
11-Oct,UEFA Champions League,Semi-Finals,A,FC Barcelona,Real Madrid,CF,87,87,Solo run,Sergio Busquets
11-Oct,UEFA Champions League,Final,H,FC Barcelona,Manchester United,CF,54,54,Left-footed shot,Andres Iniesta
11-Dec,Supercopa,final,A,FC Barcelona,Real Madrid,CF,45,45,Left-footed shot,Thiago
11-Dec,Supercopa,final,H,FC Barcelona,Real Madrid,CF,44,44,Right-footed shot,Gerard Pique
11-Dec,Supercopa,final,H,FC Barcelona,Real Madrid,CF,88,88,Left-footed shot,Adriano
11-Dec,UEFA Super Cup,Final,H,FC Barcelona,FC Porto,CF,39,39,Left-footed shot,
11-Dec,LaLiga,2,H,FC Barcelona,Villarreal CF,CF,51,51,Right-footed shot,Andres Iniesta
11-Dec,LaLiga,2,H,FC Barcelona,Villarreal CF,CF,74,74,Left-footed shot,Thiago
11-Dec,LaLiga,4,H,FC Barcelona,CA Osasuna,CF,5,5,Left-footed shot,Dani Alves
11-Dec,LaLiga,4,H,FC Barcelona,CA Osasuna,CF,41,41,Left-footed shot,Cesc Fabregas
11-Dec,LaLiga,4,H,FC Barcelona,CA Osasuna,CF,79,79,Left-footed shot,Cesc Fabregas
11-Dec,LaLiga,6,H,FC Barcelona,Atletico de Madrid,CF,26,26,Left-footed shot,Pedro
11-Dec,LaLiga,6,H,FC Barcelona,Atletico de Madrid,CF,78,78,Left-footed shot,Dani Alves
11-Dec,LaLiga,6,H,FC Barcelona,Atletico de Madrid,CF,90+1,90+1,Left-footed shot,David Villa
11-Dec,UEFA Champions League,Group Stage,A,FC Barcelona,BATE Borisov,CF,38,38,Header,
11-Dec,UEFA Champions League,Group Stage,A,FC Barcelona,BATE Borisov,CF,56,56,Left-footed shot,Dani Alves
11-Dec,LaLiga,8,H,FC Barcelona,Racing Santander,CF,11,11,Right-footed shot,Andres Iniesta
11-Dec,LaLiga,8,H,FC Barcelona,Racing Santander,CF,69,69,Right-footed shot,
11-Dec,LaLiga,11,H,FC Barcelona,RCD Mallorca,CF,13,13,Penalty,
11-Dec,LaLiga,11,H,FC Barcelona,RCD Mallorca,CF,21,21,Right-footed shot,Adriano
11-Dec,LaLiga,11,H,FC Barcelona,RCD Mallorca,CF,30,30,Left-footed shot,Dani Alves
11-Dec,UEFA Champions League,Group Stage,A,FC Barcelona,FC Viktoria Plzen,CF,24,24,Penalty,
11-Dec,UEFA Champions League,Group Stage,A,FC Barcelona,FC Viktoria Plzen,CF,45+2,45+2,Left-footed shot,Adriano
11-Dec,UEFA Champions League,Group Stage,A,FC Barcelona,FC Viktoria Plzen,CF,90+2,90+2,Left-footed shot,Gerard Pique
11-Dec,LaLiga,12,A,FC Barcelona,Athletic Bilbao,CF,90,90,Left-footed shot,
11-Dec,LaLiga,13,H,FC Barcelona,Real Zaragoza,CF,43,43,Right-footed shot,Cesc Fabregas
11-Dec,UEFA Champions League,Group Stage,A,FC Barcelona,AC Milan,SS,31,31,Penalty,
11-Dec,LaLiga,17,H,FC Barcelona,Rayo Vallecano,CF,49,49,Left-footed shot,Dani Alves
11-Dec,LaLiga,15,H,FC Barcelona,Levante UD,CF,55,55,Left-footed shot,Dani Alves
11-Dec,FIFA Club World Cup,Final,A,FC Barcelona,Santos FC,RW,17,17,Left-footed shot,Xavi
11-Dec,FIFA Club World Cup,Final,A,FC Barcelona,Santos FC,RW,82,82,Left-footed shot,Dani Alves
11-Dec,Copa del Rey,last 16,H,FC Barcelona,CA Osasuna,CF,71,71,Header,Cesc Fabregas
11-Dec,Copa del Rey,last 16,H,FC Barcelona,CA Osasuna,CF,90,90,Left-footed shot,Xavi
11-Dec,LaLiga,19,H,FC Barcelona,Real Betis Balompie,CF,12,12,Right-footed shot,Alexis Sanchez
11-Dec,LaLiga,19,H,FC Barcelona,Real Betis Balompie,CF,86,86,Penalty,
11-Dec,LaLiga,1,A,FC Barcelona,Malaga CF,CF,32,32,Header,Adriano
11-Dec,LaLiga,1,A,FC Barcelona,Malaga CF,CF,51,51,Left-footed shot,Thiago
11-Dec,LaLiga,1,A,FC Barcelona,Malaga CF,CF,77,77,Left-footed shot,Pedro
11-Dec,LaLiga,22,H,FC Barcelona,Real Sociedad,CF,72,72,Left-footed shot,Dani Alves
11-Dec,UEFA Champions League,last 16,A,FC Barcelona,Bayer 04 Leverkusen,CF,88,88,Left-footed shot,Dani Alves
11-Dec,LaLiga,24,H,FC Barcelona,Valencia CF,CF,21,21,Left-footed shot,
11-Dec,LaLiga,24,H,FC Barcelona,Valencia CF,CF,27,27,Tap-in,
11-Dec,LaLiga,24,H,FC Barcelona,Valencia CF,CF,75,75,Left-footed shot,Cristian Tello
11-Dec,LaLiga,24,H,FC Barcelona,Valencia CF,CF,84,84,Left-footed shot,Sergio Busquets
11-Dec,LaLiga,25,A,FC Barcelona,Atletico de Madrid,CF,79,79,Direct free kick,
11-Dec,UEFA Champions League,last 16,H,FC Barcelona,Bayer 04 Leverkusen,CF,25,25,Left-footed shot,Xavi
11-Dec,UEFA Champions League,last 16,H,FC Barcelona,Bayer 04 Leverkusen,CF,42,42,Left-footed shot,Andres Iniesta
11-Dec,UEFA Champions League,last 16,H,FC Barcelona,Bayer 04 Leverkusen,CF,50,50,Right-footed shot,Cesc Fabregas
11-Dec,UEFA Champions League,last 16,H,FC Barcelona,Bayer 04 Leverkusen,CF,58,58,Left-footed shot,
11-Dec,UEFA Champions League,last 16,H,FC Barcelona,Bayer 04 Leverkusen,CF,85,85,Left-footed shot,Seydou Keita
11-Dec,LaLiga,27,A,FC Barcelona,Racing Santander,CF,28,28,Left-footed shot,Cesc Fabregas
11-Dec,LaLiga,27,A,FC Barcelona,Racing Santander,CF,55,55,Penalty,
11-Dec,LaLiga,28,A,FC Barcelona,Sevilla FC,CF,25,25,Left-footed shot,Andres Iniesta
11-Dec,LaLiga,29,H,FC Barcelona,Granada CF,CF,16,16,Left-footed shot,Isaac Cuenca
11-Dec,LaLiga,29,H,FC Barcelona,Granada CF,CF,66,66,Left-footed shot,Dani Alves
11-Dec,LaLiga,29,H,FC Barcelona,Granada CF,CF,85,85,Left-footed shot,Dani Alves
11-Dec,LaLiga,30,A,FC Barcelona,RCD Mallorca,CF,25,25,Direct free kick,
11-Dec,LaLiga,31,H,FC Barcelona,Athletic Bilbao,CF,57,57,Penalty,
11-Dec,UEFA Champions League,Quarter-Finals,H,FC Barcelona,AC Milan,RW,11,11,Penalty,
11-Dec,UEFA Champions League,Quarter-Finals,H,FC Barcelona,AC Milan,RW,42,42,Penalty,
11-Dec,LaLiga,32,A,FC Barcelona,Real Zaragoza,CF,39,39,Left-footed shot,Alexis Sanchez
11-Dec,LaLiga,32,A,FC Barcelona,Real Zaragoza,CF,86,86,Penalty,
11-Dec,LaLiga,33,H,FC Barcelona,Getafe CF,CF,44,44,Left-footed shot,Andres Iniesta
11-Dec,LaLiga,34,A,FC Barcelona,Levante UD,CF,64,64,Left-footed shot,Alexis Sanchez
11-Dec,LaLiga,34,A,FC Barcelona,Levante UD,CF,73,73,Penalty,
11-Dec,LaLiga,36,A,FC Barcelona,Rayo Vallecano,CF,16,16,Left-footed shot,Pedro
11-Dec,LaLiga,36,A,FC Barcelona,Rayo Vallecano,CF,88,88,Left-footed shot,Pedro
11-Dec,LaLiga,20,H,FC Barcelona,Malaga CF,CF,34,34,Penalty,
11-Dec,LaLiga,20,H,FC Barcelona,Malaga CF,CF,60,60,Penalty,
11-Dec,LaLiga,20,H,FC Barcelona,Malaga CF,CF,63,63,Left-footed shot,Andres Iniesta
11-Dec,LaLiga,37,H,FC Barcelona,RCD Espanyol Barcelona,CF,11,11,Direct free kick,
11-Dec,LaLiga,37,H,FC Barcelona,RCD Espanyol Barcelona,CF,63,63,Penalty,
11-Dec,LaLiga,37,H,FC Barcelona,RCD Espanyol Barcelona,CF,73,73,Left-footed shot,Adriano
11-Dec,LaLiga,37,H,FC Barcelona,RCD Espanyol Barcelona,CF,78,78,Penalty,
11-Dec,Copa del Rey,Final,H,FC Barcelona,Athletic Bilbao,CF,20,20,Right-footed shot,Andres Iniesta
13-Dec,LaLiga,1,H,FC Barcelona,Real Sociedad,CF,10,10,Left-footed shot,Pedro
13-Dec,LaLiga,1,H,FC Barcelona,Real Sociedad,CF,15,15,Left-footed shot,Cristian Tello
13-Dec,Supercopa,final,H,FC Barcelona,Real Madrid,CF,60,60,Penalty,
13-Dec,LaLiga,2,A,FC Barcelona,CA Osasuna,CF,74,74,Left-footed shot,Alexis Sanchez
13-Dec,LaLiga,2,A,FC Barcelona,CA Osasuna,CF,79,79,Left-footed shot,Jordi Alba
13-Dec,Supercopa,final,A,FC Barcelona,Real Madrid,CF,45,45,Direct free kick,
13-Dec,LaLiga,4,A,FC Barcelona,Getafe CF,CF,74,74,Penalty,
13-Dec,LaLiga,4,A,FC Barcelona,Getafe CF,CF,78,78,Left-footed shot,Pedro
13-Dec,UEFA Champions League,Group Stage,H,FC Barcelona,Spartak Moscow,CF,71,71,Left-footed shot,Cristian Tello
13-Dec,UEFA Champions League,Group Stage,H,FC Barcelona,Spartak Moscow,CF,80,80,Header,Alexis Sanchez
13-Dec,LaLiga,7,H,FC Barcelona,Real Madrid,CF,31,31,Left-footed shot,
13-Dec,LaLiga,7,H,FC Barcelona,Real Madrid,CF,60,60,Direct free kick,
13-Dec,LaLiga,8,A,FC Barcelona,Deportivo de La Coruaa,CF,17,17,Left-footed shot,Cesc Fabregas
13-Dec,LaLiga,8,A,FC Barcelona,Deportivo de La Coruaa,CF,43,43,Left-footed shot,Cesc Fabregas
13-Dec,LaLiga,8,A,FC Barcelona,Deportivo de La Coruaa,CF,76,76,Left-footed shot,Xavi
13-Dec,LaLiga,9,A,FC Barcelona,Rayo Vallecano,CF,48,48,Left-footed shot,Marta Montoya
13-Dec,LaLiga,9,A,FC Barcelona,Rayo Vallecano,CF,89,89,Right-footed shot,Cesc Fabregas
13-Dec,UEFA Champions League,Group Stage,A,FC Barcelona,Celtic FC,CF,90+1,90+1,Tap-in,
13-Dec,LaLiga,11,A,FC Barcelona,RCD Mallorca,CF,43,43,Left-footed shot,Sergio Busquets
13-Dec,LaLiga,11,A,FC Barcelona,RCD Mallorca,CF,70,70,Left-footed shot,Alexis Sanchez
13-Dec,LaLiga,12,H,FC Barcelona,Real Zaragoza,CF,15,15,Left-footed shot,Jordi Alba
13-Dec,LaLiga,12,H,FC Barcelona,Real Zaragoza,CF,60,60,Left-footed shot,Marta Montoya
13-Dec,UEFA Champions League,Group Stage,A,FC Barcelona,Spartak Moscow,CF,27,27,Right-footed shot,
13-Dec,UEFA Champions League,Group Stage,A,FC Barcelona,Spartak Moscow,CF,39,39,Left-footed shot,Pedro
13-Dec,LaLiga,13,A,FC Barcelona,Levante UD,CF,46,46,Left-footed shot,Andres Iniesta
13-Dec,LaLiga,13,A,FC Barcelona,Levante UD,CF,51,51,Left-footed shot,Andres Iniesta
13-Dec,LaLiga,14,H,FC Barcelona,Athletic Bilbao,CF,24,24,Left-footed shot,Xavi
13-Dec,LaLiga,14,H,FC Barcelona,Athletic Bilbao,CF,69,69,Right-footed shot,Pedro
13-Dec,LaLiga,15,A,FC Barcelona,Real Betis Balompie,CF,16,16,Left-footed shot,Andres Iniesta
13-Dec,LaLiga,15,A,FC Barcelona,Real Betis Balompie,CF,25,25,Left-footed shot,Andres Iniesta
13-Dec,Copa del Rey,last 16,A,FC Barcelona,CÃ³rdoba CF,CF,10,10,Left-footed shot,David Villa
13-Dec,Copa del Rey,last 16,A,FC Barcelona,CÃ³rdoba CF,CF,73,73,Left-footed shot,Alexis Sanchez
13-Dec,LaLiga,16,H,FC Barcelona,Atletico de Madrid,CF,58,58,Left-footed shot,Alexis Sanchez
13-Dec,LaLiga,16,H,FC Barcelona,Atletico de Madrid,CF,88,88,Left-footed shot,
13-Dec,LaLiga,17,A,FC Barcelona,Real Valladolid CF,CF,59,59,Left-footed shot,Xavi
13-Dec,LaLiga,18,H,FC Barcelona,RCD Espanyol Barcelona,CF,28,28,Penalty,
13-Dec,LaLiga,19,A,FC Barcelona,Malaga CF,CF,26,26,Right-footed shot,
13-Dec,Copa del Rey,Quarter-Finals,H,FC Barcelona,Malaga CF,CF,29,29,Left-footed shot,
13-Dec,LaLiga,20,A,FC Barcelona,Real Sociedad,CF,6,6,Left-footed shot,Andres Iniesta
13-Dec,Copa del Rey,Quarter-Finals,A,FC Barcelona,Malaga CF,CF,79,79,Header,Dani Alves
13-Dec,LaLiga,21,H,FC Barcelona,CA Osasuna,CF,11,11,Right-footed shot,Xavi
13-Dec,LaLiga,21,H,FC Barcelona,CA Osasuna,CF,28,28,Penalty,
13-Dec,LaLiga,21,H,FC Barcelona,CA Osasuna,CF,56,56,Left-footed shot,David Villa
13-Dec,LaLiga,21,H,FC Barcelona,CA Osasuna,CF,58,58,Left-footed shot,Adriano
13-Dec,LaLiga,22,A,FC Barcelona,Valencia CF,CF,39,39,Penalty,
13-Dec,LaLiga,23,H,FC Barcelona,Getafe CF,CF,13,13,Left-footed shot,Thiago
13-Dec,LaLiga,24,A,FC Barcelona,Granada CF,CF,49,49,Left-footed shot,
13-Dec,LaLiga,24,A,FC Barcelona,Granada CF,CF,72,72,Direct free kick,
13-Dec,LaLiga,25,H,FC Barcelona,Sevilla FC,CF,60,60,Left-footed shot,Cristian Tello
13-Dec,LaLiga,26,A,FC Barcelona,Real Madrid,CF,18,18,Left-footed shot,Dani Alves
13-Dec,LaLiga,27,H,FC Barcelona,Deportivo de La Coruaa,CF,88,88,Left-footed shot,Alexis Sanchez
13-Dec,UEFA Champions League,last 16,H,FC Barcelona,AC Milan,CF,5,5,Left-footed shot,Xavi
13-Dec,UEFA Champions League,last 16,H,FC Barcelona,AC Milan,CF,40,40,Left-footed shot,Andres Iniesta
13-Dec,LaLiga,28,H,FC Barcelona,Rayo Vallecano,CF,40,40,Left-footed shot,David Villa
13-Dec,LaLiga,28,H,FC Barcelona,Rayo Vallecano,CF,57,57,Left-footed shot,David Villa
13-Dec,LaLiga,29,A,FC Barcelona,Celta de Vigo,CF ,73,73,Left-footed shot,Cristian Tello
13-Dec,UEFA Champions League,Quarter-Finals,A,FC Barcelona,Paris Saint-Germain,CF,38,38,Left-footed shot,Dani Alves
13-Dec,LaLiga,33,A,FC Barcelona,Athletic Bilbao,CF,67,67,Left-footed shot,Thiago
13-Dec,LaLiga,34,H,FC Barcelona,Real Betis Balompie,CF,60,60,Direct free kick,
13-Dec,LaLiga,34,H,FC Barcelona,Real Betis Balompie,CF,71,71,Left-footed shot,Alexis Sanchez
13/14,LaLiga,1,H,FC Barcelona,Levante UD,CF,13,13,Left-footed shot,Pedro
13/14,LaLiga,1,H,FC Barcelona,Levante UD,CF,42,42,Penalty,
13/14,LaLiga,3,A,FC Barcelona,Valencia CF,CF,11,11,Left-footed shot,Cesc Fabregas
13/14,LaLiga,3,A,FC Barcelona,Valencia CF,CF,39,39,Right-footed shot,Cesc Fabregas
13/14,LaLiga,3,A,FC Barcelona,Valencia CF,CF,41,41,Left-footed shot,Neymar
13/14,LaLiga,4,H,FC Barcelona,Sevilla FC,CF,75,75,Left-footed shot,Neymar
13/14,UEFA Champions League,Group Stage,H,FC Barcelona,Ajax Amsterdam,CF,22,22,Direct free kick,
13/14,UEFA Champions League,Group Stage,H,FC Barcelona,Ajax Amsterdam,CF,55,55,Left-footed shot,Sergio Busquets
13/14,UEFA Champions League,Group Stage,H,FC Barcelona,Ajax Amsterdam,CF,75,75,Left-footed shot,Xavi
13/14,LaLiga,6,H,FC Barcelona,Real Sociedad,CF,8,8,Header,Neymar
13/14,LaLiga,7,A,FC Barcelona,UD Almera,CF,21,21,Left-footed shot,Pedro
13/14,UEFA Champions League,Group Stage,A,FC Barcelona,AC Milan,CF,23,23,Left-footed shot,Andres Iniesta
13/14,UEFA Champions League,Group Stage,H,FC Barcelona,AC Milan,CF,30,30,Penalty,
13/14,UEFA Champions League,Group Stage,H,FC Barcelona,AC Milan,CF,83,83,Left-footed shot,Cesc Fabregas
13/14,Copa del Rey,last 16,H,FC Barcelona,Getafe CF,CF,90,90,Left-footed shot,Marta Montoya
13/14,Copa del Rey,last 16,H,FC Barcelona,Getafe CF,CF,90+2,90+2,Left-footed shot,Alex Song
13/14,Copa del Rey,last 16,A,FC Barcelona,Getafe CF,CF,43,43,Right-footed shot,Cristian Tello
13/14,Copa del Rey,last 16,A,FC Barcelona,Getafe CF,CF,63,63,Left-footed shot,
13/14,LaLiga,22,H,FC Barcelona,Valencia CF,CF,54,54,Penalty,
13/14,LaLiga,23,A,FC Barcelona,Sevilla FC,CF,44,44,Left-footed shot,Pedro
13/14,LaLiga,23,A,FC Barcelona,Sevilla FC,CF,56,56,Left-footed shot,Andres Iniesta
13/14,Copa del Rey,Semi-Finals,A,FC Barcelona,Real Sociedad,CF,26,26,Solo run,
13/14,LaLiga,24,H,FC Barcelona,Rayo Vallecano,CF,36,36,Left-footed shot,Cesc Fabregas
13/14,LaLiga,24,H,FC Barcelona,Rayo Vallecano,CF,68,68,Left-footed shot,Alexis Sanchez
13/14,UEFA Champions League,last 16,A,FC Barcelona,Manchester City,CF,54,54,Penalty,
13/14,LaLiga,25,A,FC Barcelona,Real Sociedad,CF,36,36,Left-footed shot,Marta Montoya
13/14,LaLiga,26,H,FC Barcelona,UD Almera,CF,24,24,Direct free kick,
13/14,UEFA Champions League,last 16,H,FC Barcelona,Manchester City,CF,67,67,Left-footed shot,
13/14,LaLiga,28,H,FC Barcelona,CA Osasuna,CF,18,18,Left-footed shot,Alexis Sanchez
13/14,LaLiga,28,H,FC Barcelona,CA Osasuna,CF,63,63,Left-footed shot,Andres Iniesta
13/14,LaLiga,28,H,FC Barcelona,CA Osasuna,CF,88,88,Right-footed shot,Dani Alves
13/14,LaLiga,29,A,FC Barcelona,Real Madrid,CF,42,42,Left-footed shot,Neymar
13/14,LaLiga,29,A,FC Barcelona,Real Madrid,CF,65,65,Penalty,
13/14,LaLiga,29,A,FC Barcelona,Real Madrid,CF,84,84,Penalty,
13/14,LaLiga,30,H,FC Barcelona,Celta de Vigo,CF,30,30,Right-footed shot,Andres Iniesta
13/14,LaLiga,31,A,FC Barcelona,RCD Espanyol Barcelona,CF,77,77,Penalty,
13/14,LaLiga,32,H,FC Barcelona,Real Betis Balompie,CF,15,15,Penalty,
13/14,LaLiga,32,H,FC Barcelona,Real Betis Balompie,CF,86,86,Penalty rebound,Antonio A05a
13/14,LaLiga,34,H,FC Barcelona,Athletic Bilbao,CF,74,74,Direct free kick,
13/14,LaLiga,35,A,FC Barcelona,Villarreal CF,CF,83,83,Right-footed shot,Cesc Fabregas
13/14,LaLiga,36,H,FC Barcelona,Getafe CF,CF,23,23,Left-footed shot,Dani Alves
14/15,LaLiga,1,H,FC Barcelona,Elche CF,CF,42,42,Left-footed shot,Sergio Busquets
14/15,LaLiga,1,H,FC Barcelona,Elche CF,CF,64,64,Left-footed shot,
14/15,LaLiga,4,A,FC Barcelona,Levante UD,CF,77,77,Right-footed shot,
14/15,LaLiga,6,H,FC Barcelona,Granada CF,CF,62,62,Header,Dani Alves
14/15,LaLiga,6,H,FC Barcelona,Granada CF,CF,82,82,Right-footed shot,
14/15,UEFA Champions League,Group Stage,A,FC Barcelona,Paris Saint-Germain,RW,12,12,Left-footed shot,Andres Iniesta
14/15,LaLiga,7,A,FC Barcelona,Rayo Vallecano,CF,35,35,Left-footed shot,Gerard Pique
14/15,LaLiga,8,H,FC Barcelona,SD Eibar,CF,74,74,Left-footed shot,Neymar
14/15,UEFA Champions League,Group Stage,H,FC Barcelona,Ajax Amsterdam,CF,24,24,Left-footed shot,Andres Iniesta
14/15,UEFA Champions League,Group Stage,A,FC Barcelona,Ajax Amsterdam,RW,36,36,Header,Marc Bartra
14/15,UEFA Champions League,Group Stage,A,FC Barcelona,Ajax Amsterdam,RW,76,76,Left-footed shot,Pedro
14/15,LaLiga,12,H,FC Barcelona,Sevilla FC,RW,21,21,Direct free kick,
14/15,LaLiga,12,H,FC Barcelona,Sevilla FC,RW,73,73,Tap-in,Neymar
14/15,LaLiga,12,H,FC Barcelona,Sevilla FC,RW,78,78,Left-footed shot,Neymar
14/15,UEFA Champions League,Group Stage,A,FC Barcelona,APOEL Nicosia,CF ,38,38,Right-footed shot,Rafinha
14/15,UEFA Champions League,Group Stage,A,FC Barcelona,APOEL Nicosia,CF ,58,58,Right-footed shot,Dani Alves
14/15,UEFA Champions League,Group Stage,A,FC Barcelona,APOEL Nicosia,CF ,87,87,Right-footed shot,Pedro
14/15,LaLiga,14,H,FC Barcelona,RCD Espanyol Barcelona,RW,45+1,45+1,Left-footed shot,Xavi
14/15,LaLiga,14,H,FC Barcelona,RCD Espanyol Barcelona,RW,50,50,Right-footed shot,Luis Suarez
14/15,LaLiga,14,H,FC Barcelona,RCD Espanyol Barcelona,RW,81,81,Right-footed shot,Pedro
14/15,UEFA Champions League,Group Stage,H,FC Barcelona,Paris Saint-Germain,AM,19,19,Right-footed shot,Luis Suarez
14/15,LaLiga,16,H,FC Barcelona,CÃ³rdoba CF,RW,82,82,Right-footed shot,
14/15,LaLiga,16,H,FC Barcelona,CÃ³rdoba CF,RW,90,90,Right-footed shot,
14/15,Copa del Rey,last 16,H,FC Barcelona,Elche CF,RW ,45,45,Penalty,
14/15,LaLiga,18,H,FC Barcelona,Atletico de Madrid,RW,87,87,Left-footed shot,
14/15,LaLiga,19,A,FC Barcelona,Deportivo de La Coruaa,RW,11,11,Header,Ivan Rakitic
14/15,LaLiga,19,A,FC Barcelona,Deportivo de La Coruaa,RW,33,33,Left-footed shot,Luis Suarez
14/15,LaLiga,19,A,FC Barcelona,Deportivo de La Coruaa,RW,62,62,Left-footed shot,Ivan Rakitic
14/15,Copa del Rey,Quarter-Finals,H,FC Barcelona,Atletico de Madrid,RW ,85,85,Penalty rebound,
14/15,LaLiga,20,A,FC Barcelona,Elche CF,CF,55,55,Penalty,
14/15,LaLiga,20,A,FC Barcelona,Elche CF,CF,88,88,Left-footed shot,Marc Bartra
14/15,LaLiga,21,H,FC Barcelona,Villarreal CF,RW,55,55,Right-footed shot,Luis Suarez
14/15,LaLiga,22,A,FC Barcelona,Athletic Bilbao,RW,15,15,Direct free kick,
14/15,Copa del Rey,Semi-Finals,H,FC Barcelona,Villarreal CF,RW,41,41,Left-footed shot,Luis Suarez
14/15,LaLiga,23,H,FC Barcelona,Levante UD,CF,38,38,Right-footed shot,Marc Bartra
14/15,LaLiga,23,H,FC Barcelona,Levante UD,CF,59,59,Right-footed shot,Pedro
14/15,LaLiga,23,H,FC Barcelona,Levante UD,CF,65,65,Penalty,
14/15,LaLiga,25,A,FC Barcelona,Granada CF,RW,70,70,Right-footed shot,Luis Suarez
14/15,LaLiga,26,H,FC Barcelona,Rayo Vallecano,RW,56,56,Penalty,
14/15,LaLiga,26,H,FC Barcelona,Rayo Vallecano,RW,63,63,Tap-in,
14/15,LaLiga,26,H,FC Barcelona,Rayo Vallecano,RW,68,68,Left-footed shot,Pedro
14/15,LaLiga,27,A,FC Barcelona,SD Eibar,RW ,31,31,Penalty,
14/15,LaLiga,27,A,FC Barcelona,SD Eibar,RW ,55,55,Header,Ivan Rakitic
14/15,LaLiga,30,H,FC Barcelona,UD Almera,RW,33,33,Left-footed shot,Marc Bartra
14/15,LaLiga,31,A,FC Barcelona,Sevilla FC,RW,15,15,Left-footed shot,Neymar
14/15,LaLiga,32,H,FC Barcelona,Valencia CF,RW,90+4,90+4,Left-footed shot,
14/15,LaLiga,33,A,FC Barcelona,RCD Espanyol Barcelona,RW,25,25,Left-footed shot,Luis Suarez
14/15,LaLiga,34,H,FC Barcelona,Getafe CF,RW,9,9,Penalty,
14/15,LaLiga,34,H,FC Barcelona,Getafe CF,RW,47,47,Left-footed shot,Luis Suarez
14/15,LaLiga,35,A,FC Barcelona,CÃ³rdoba CF,RW,47,47,Header,Dani Alves
14/15,LaLiga,35,A,FC Barcelona,CÃ³rdoba CF,RW,80,80,Left-footed shot,Luis Suarez
14/15,UEFA Champions League,Semi-Finals,H,FC Barcelona,Bayern Munich,RW,77,77,Left-footed shot,Dani Alves
14/15,UEFA Champions League,Semi-Finals,H,FC Barcelona,Bayern Munich,RW,80,80,Right-footed shot,Ivan Rakitic
14/15,LaLiga,37,A,FC Barcelona,Atletico de Madrid,RW,65,65,Left-footed shot,Pedro
14/15,LaLiga,38,H,FC Barcelona,Deportivo de La Coruaa,RW,5,5,Header,Rafinha
14/15,LaLiga,38,H,FC Barcelona,Deportivo de La Coruaa,RW,59,59,Right-footed shot,Neymar
14/15,Copa del Rey,Final,A,FC Barcelona,Athletic Bilbao,RW,20,20,Solo run,
14/15,Copa del Rey,Final,A,FC Barcelona,Athletic Bilbao,RW,74,74,Left-footed shot,Dani Alves
15/16,UEFA Super Cup,Final,H,FC Barcelona,Sevilla FC,RW,7,7,Direct free kick,
15/16,UEFA Super Cup,Final,H,FC Barcelona,Sevilla FC,RW,16,16,Direct free kick,
15/16,Supercopa,final,H,FC Barcelona,Athletic Bilbao,RW,43,43,Left-footed shot,Luis Suarez
15/16,LaLiga,3,A,FC Barcelona,Atletico de Madrid,RW,77,77,Left-footed shot,Luis Suarez
15/16,LaLiga,4,H,FC Barcelona,Levante UD,AM ,61,61,Penalty,
15/16,LaLiga,4,H,FC Barcelona,Levante UD,AM ,90,90,Left-footed shot,Marc Bartra
15/16,UEFA Champions League,Group Stage,H,FC Barcelona,AS Roma,RW ,18,18,Left-footed shot,Luis Suarez
15/16,UEFA Champions League,Group Stage,H,FC Barcelona,AS Roma,RW ,60,60,Tap-in,
15/16,LaLiga,13,H,FC Barcelona,Real Sociedad,RW,90+1,90+1,Left-footed shot,Neymar
15/16,UEFA Champions League,Group Stage,A,FC Barcelona,Bayer 04 Leverkusen,CF ,20,20,Right-footed shot,Ivan Rakitic
15/16,LaLiga,15,H,FC Barcelona,Deportivo de La Coruaa,RW,39,39,Direct free kick,
15/16,FIFA Club World Cup,Final,A,FC Barcelona,CA River Plate,RW,36,36,Left-footed shot,Neymar
15/16,LaLiga,17,H,FC Barcelona,Real Betis Balompie,RW ,33,33,Right-footed shot,Neymar
15/16,Copa del Rey,last 16,H,FC Barcelona,RCD Espanyol Barcelona,RW,13,13,Left-footed shot,Andres Iniesta
15/16,Copa del Rey,last 16,H,FC Barcelona,RCD Espanyol Barcelona,RW,44,44,Direct free kick,
15/16,LaLiga,19,H,FC Barcelona,Granada CF,RW ,8,8,Left-footed shot,Arda Turan
15/16,LaLiga,19,H,FC Barcelona,Granada CF,RW ,14,14,Left-footed shot,Luis Suarez
15/16,LaLiga,19,H,FC Barcelona,Granada CF,RW ,58,58,Tap-in,
15/16,LaLiga,20,H,FC Barcelona,Athletic Bilbao,RW,7,7,Penalty,
15/16,LaLiga,21,A,FC Barcelona,Malaga CF,RW,51,51,Left-footed shot,Adriano
15/16,LaLiga,22,H,FC Barcelona,Atletico de Madrid,RW,30,30,Left-footed shot,Jordi Alba
15/16,Copa del Rey,Semi-Finals,H,FC Barcelona,Valencia CF,RW,29,29,Left-footed shot,Neymar
15/16,Copa del Rey,Semi-Finals,H,FC Barcelona,Valencia CF,RW,59,59,Left-footed shot,Luis Suarez
15/16,Copa del Rey,Semi-Finals,H,FC Barcelona,Valencia CF,RW,74,74,Left-footed shot,
15/16,LaLiga,24,H,FC Barcelona,Celta de Vigo,RW,28,28,Direct free kick,
15/16,LaLiga,16,A,FC Barcelona,Sporting GijÃ³n,RW ,25,25,Left-footed shot,Luis Suarez
15/16,LaLiga,16,A,FC Barcelona,Sporting GijÃ³n,RW ,31,31,Left-footed shot,Luis Suarez
15/16,UEFA Champions League,last 16,A,FC Barcelona,Arsenal FC,RW,71,71,Left-footed shot,Neymar
15/16,UEFA Champions League,last 16,A,FC Barcelona,Arsenal FC,RW,83,83,Penalty,
15/16,LaLiga,26,H,FC Barcelona,Sevilla FC,RW ,31,31,Direct free kick,
15/16,LaLiga,27,A,FC Barcelona,Rayo Vallecano,RW,23,23,Left-footed shot,Neymar
15/16,LaLiga,27,A,FC Barcelona,Rayo Vallecano,RW,53,53,Left-footed shot,
15/16,LaLiga,27,A,FC Barcelona,Rayo Vallecano,RW,72,72,Left-footed shot,Sergio Busquets
15/16,LaLiga,28,A,FC Barcelona,SD Eibar,RW ,42,42,Left-footed shot,Munir El Haddadi
15/16,LaLiga,28,A,FC Barcelona,SD Eibar,RW ,76,76,Penalty,
15/16,LaLiga,29,H,FC Barcelona,Getafe CF,CF,41,41,Left-footed shot,Arda Turan
15/16,UEFA Champions League,last 16,H,FC Barcelona,Arsenal FC,RW,86,86,Left-footed shot,Neymar
15/16,LaLiga,33,H,FC Barcelona,Valencia CF,RW,63,63,Left-footed shot,Jordi Alba
15/16,LaLiga,34,A,FC Barcelona,Deportivo de La Coruaa,RW,73,73,Left-footed shot,Luis Suarez
15/16,LaLiga,35,H,FC Barcelona,Sporting GijÃ³n,RW,13,13,Header,
15/16,LaLiga,37,H,FC Barcelona,RCD Espanyol Barcelona,RW,8,8,Direct free kick,
16/17,Supercopa,final,H,FC Barcelona,Sevilla FC,RW ,55,55,Header,Lucas Digne
16/17,LaLiga,1,H,FC Barcelona,Real Betis Balompie,RW ,37,37,Left-footed shot,Sergi Roberto
16/17,LaLiga,1,H,FC Barcelona,Real Betis Balompie,RW ,58,58,Left-footed shot,Arda Turan
16/17,UEFA Champions League,Group Stage,H,FC Barcelona,Celtic FC,RW ,3,3,Left-footed shot,Neymar
16/17,UEFA Champions League,Group Stage,H,FC Barcelona,Celtic FC,RW ,27,27,Left-footed shot,Neymar
16/17,UEFA Champions League,Group Stage,H,FC Barcelona,Celtic FC,RW ,60,60,Left-footed shot,Luis Suarez
16/17,LaLiga,4,A,FC Barcelona,CD Leganes,RW,15,15,Left-footed shot,Luis Suarez
16/17,LaLiga,4,A,FC Barcelona,CD Leganes,RW,55,55,Penalty,
16/17,LaLiga,8,H,FC Barcelona,Deportivo de La Coruaa,RW,58,58,Left-footed shot,Neymar
16/17,UEFA Champions League,Group Stage,H,FC Barcelona,Manchester City,RW,17,17,Left-footed shot,Andres Iniesta
16/17,UEFA Champions League,Group Stage,H,FC Barcelona,Manchester City,RW,61,61,Left-footed shot,Andres Iniesta
16/17,UEFA Champions League,Group Stage,H,FC Barcelona,Manchester City,RW,69,69,Left-footed shot,Luis Suarez
16/17,LaLiga,9,A,FC Barcelona,Valencia CF,RW,22,22,Left-footed shot,Ivan Rakitic
16/17,LaLiga,9,A,FC Barcelona,Valencia CF,RW,90+4,90+4,Penalty,
16/17,UEFA Champions League,Group Stage,A,FC Barcelona,Manchester City,RW ,21,21,Left-footed shot,Neymar
16/17,LaLiga,11,A,FC Barcelona,Sevilla FC,RW ,43,43,Left-footed shot,Neymar
16/17,UEFA Champions League,Group Stage,A,FC Barcelona,Celtic FC,RW ,24,24,Left-footed shot,Neymar
16/17,UEFA Champions League,Group Stage,A,FC Barcelona,Celtic FC,RW ,55,55,Penalty,
16/17,LaLiga,13,A,FC Barcelona,Real Sociedad,RW ,59,59,Left-footed shot,Neymar
16/17,UEFA Champions League,Group Stage,H,FC Barcelona,Borussia MÃ¶nchengladbach,RW,16,16,Left-footed shot,Arda Turan
16/17,LaLiga,15,A,FC Barcelona,CA Osasuna,RW,72,72,Left-footed shot,Jordi Alba
16/17,LaLiga,15,A,FC Barcelona,CA Osasuna,RW,90+2,90+2,Left-footed shot,Sergio Busquets
16/17,LaLiga,16,H,FC Barcelona,RCD Espanyol Barcelona,RW,90,90,Left-footed shot,Luis Suarez
16/17,Copa del Rey,last 16,A,FC Barcelona,Athletic Bilbao,RW,52,52,Direct free kick,
16/17,LaLiga,17,A,FC Barcelona,Villarreal CF,RW,90,90,Direct free kick,
16/17,Copa del Rey,last 16,H,FC Barcelona,Athletic Bilbao,RW,78,78,Direct free kick,
16/17,LaLiga,18,H,FC Barcelona,UD Las Palmas,RW ,52,52,Right-footed shot,
16/17,LaLiga,19,A,FC Barcelona,SD Eibar,RW ,50,50,Left-footed shot,Luis Suarez
16/17,Copa del Rey,Quarter-Finals,H,FC Barcelona,Real Sociedad,RW ,55,55,Penalty,
16/17,Copa del Rey,Semi-Finals,A,FC Barcelona,Atletico de Madrid,RW ,33,33,Left-footed shot,Ivan Rakitic
16/17,LaLiga,21,H,FC Barcelona,Athletic Bilbao,RW ,40,40,Direct free kick,
16/17,LaLiga,22,A,FC Barcelona,Deportivo Alaves,RW ,59,59,Left-footed shot,Neymar
16/17,LaLiga,23,H,FC Barcelona,CD Leganes,RW,4,4,Right-footed shot,Luis Suarez
16/17,LaLiga,23,H,FC Barcelona,CD Leganes,RW,90,90,Penalty,
16/17,LaLiga,24,A,FC Barcelona,Atletico de Madrid,RW,86,86,Left-footed shot,
16/17,LaLiga,25,H,FC Barcelona,Sporting GijÃ³n,RW ,9,9,Header,Javier Mascherano
16/17,LaLiga,26,H,FC Barcelona,Celta de Vigo,AM ,24,24,Left-footed shot,Sergio Busquets
16/17,LaLiga,26,H,FC Barcelona,Celta de Vigo,AM ,64,64,Left-footed shot,
16/17,UEFA Champions League,last 16,H,FC Barcelona,Paris Saint-Germain,AM,50,50,Penalty,
16/17,LaLiga,28,H,FC Barcelona,Valencia CF,AM,45,45,Penalty,
16/17,LaLiga,28,H,FC Barcelona,Valencia CF,AM,53,53,Right-footed shot,Javier Mascherano
16/17,LaLiga,30,H,FC Barcelona,Sevilla FC,RW,28,28,Right-footed shot,Luis Suarez
16/17,LaLiga,30,H,FC Barcelona,Sevilla FC,RW,33,33,Left-footed shot,
16/17,LaLiga,32,H,FC Barcelona,Real Sociedad,RW ,17,17,Left-footed shot,Luis Suarez
16/17,LaLiga,32,H,FC Barcelona,Real Sociedad,RW ,37,37,Tap-in,
16/17,LaLiga,33,A,FC Barcelona,Real Madrid,RW,33,33,Left-footed shot,Ivan Rakitic
16/17,LaLiga,33,A,FC Barcelona,Real Madrid,RW,90+2,90+2,Left-footed shot,Jordi Alba
16/17,LaLiga,34,H,FC Barcelona,CA Osasuna,AM ,12,12,Left-footed shot,
16/17,LaLiga,34,H,FC Barcelona,CA Osasuna,AM ,61,61,Left-footed shot,Ivan Rakitic
16/17,LaLiga,36,H,FC Barcelona,Villarreal CF,RW,45,45,Left-footed shot,Sergio Busquets
16/17,LaLiga,36,H,FC Barcelona,Villarreal CF,RW,82,82,Penalty,
16/17,LaLiga,38,H,FC Barcelona,SD Eibar,RW,75,75,Penalty,
16/17,LaLiga,38,H,FC Barcelona,SD Eibar,RW,90+2,90+2,Right-footed shot,
16/17,Copa del Rey,Final,H,FC Barcelona,Deportivo Alaves,RW,30,30,Left-footed shot,Neymar
17/18,Supercopa,final,H,FC Barcelona,Real Madrid,RW,77,77,Penalty,
17/18,LaLiga,2,A,FC Barcelona,Deportivo Alaves,CF,55,55,Left-footed shot,Jordi Alba
17/18,LaLiga,2,A,FC Barcelona,Deportivo Alaves,CF,66,66,Left-footed shot,Paco Alcacer
17/18,LaLiga,3,H,FC Barcelona,RCD Espanyol Barcelona,CF,26,26,Left-footed shot,Ivan Rakitic
17/18,LaLiga,3,H,FC Barcelona,RCD Espanyol Barcelona,CF,35,35,Right-footed shot,Jordi Alba
17/18,LaLiga,3,H,FC Barcelona,RCD Espanyol Barcelona,CF,67,67,Left-footed shot,Jordi Alba
17/18,UEFA Champions League,Group Stage,H,FC Barcelona,Juventus FC,CF,45,45,Left-footed shot,Luis Suarez
17/18,UEFA Champions League,Group Stage,H,FC Barcelona,Juventus FC,CF,69,69,Left-footed shot,
17/18,LaLiga,5,H,FC Barcelona,SD Eibar,CF,21,21,Penalty,
17/18,LaLiga,5,H,FC Barcelona,SD Eibar,CF,59,59,Left-footed shot,Sergio Busquets
17/18,LaLiga,5,H,FC Barcelona,SD Eibar,CF,62,62,Left-footed shot,Paulinho
17/18,LaLiga,5,H,FC Barcelona,SD Eibar,CF,87,87,Left-footed shot,Aleix Vidal
17/18,LaLiga,7,H,FC Barcelona,UD Las Palmas,SS,70,70,Left-footed shot,Denis Suarez
17/18,LaLiga,7,H,FC Barcelona,UD Las Palmas,SS,77,77,Left-footed shot,Luis Suarez
17/18,UEFA Champions League,Group Stage,H,FC Barcelona,Olympiacos Piraeus,CF,61,61,Direct free kick,
17/18,LaLiga,10,A,FC Barcelona,Athletic Bilbao,SS ,37,37,Left-footed shot,Jordi Alba
17/18,LaLiga,14,H,FC Barcelona,Celta de Vigo,SS,22,22,Left-footed shot,Paulinho
17/18,LaLiga,15,A,FC Barcelona,Villarreal CF,RW ,83,83,Left-footed shot,Sergio Busquets
17/18,LaLiga,17,A,FC Barcelona,Real Madrid,SS,64,64,Penalty,
17/18,LaLiga,18,H,FC Barcelona,Levante UD,SS,12,12,Left-footed shot,Jordi Alba
17/18,Copa del Rey,last 16,H,FC Barcelona,Celta de Vigo,SS,13,13,Left-footed shot,Jordi Alba
17/18,Copa del Rey,last 16,H,FC Barcelona,Celta de Vigo,SS,15,15,Left-footed shot,Jordi Alba
17/18,LaLiga,19,A,FC Barcelona,Real Sociedad,SS ,85,85,Direct free kick,
17/18,LaLiga,20,A,FC Barcelona,Real Betis Balompie,SS ,64,64,Left-footed shot,Sergio Busquets
17/18,LaLiga,20,A,FC Barcelona,Real Betis Balompie,SS ,80,80,Left-footed shot,Luis Suarez
17/18,Copa del Rey,Quarter-Finals,H,FC Barcelona,RCD Espanyol Barcelona,SS,25,25,Deflected shot on goal,
17/18,LaLiga,21,H,FC Barcelona,Deportivo Alaves,SS,84,84,Direct free kick,
17/18,UEFA Champions League,last 16,A,FC Barcelona,Chelsea FC,SS,75,75,Left-footed shot,Andres Iniesta
17/18,LaLiga,25,H,FC Barcelona,Girona FC,SS ,30,30,Left-footed shot,Luis Suarez
17/18,LaLiga,25,H,FC Barcelona,Girona FC,SS ,36,36,Direct free kick,
17/18,LaLiga,26,A,FC Barcelona,UD Las Palmas,SS,21,21,Direct free kick,
17/18,LaLiga,27,H,FC Barcelona,Atletico de Madrid,SS,26,26,Direct free kick,
17/18,UEFA Champions League,last 16,H,FC Barcelona,Chelsea FC,SS,3,3,Right-footed shot,Luis Suarez
17/18,UEFA Champions League,last 16,H,FC Barcelona,Chelsea FC,SS,63,63,Left-footed shot,Luis Suarez
17/18,LaLiga,29,H,FC Barcelona,Athletic Bilbao,SS ,30,30,Left-footed shot,Ousmane Dembele
17/18,LaLiga,30,A,FC Barcelona,Sevilla FC,RW,89,89,Left-footed shot,Philippe Coutinho
17/18,LaLiga,31,H,FC Barcelona,CD Leganes,SS ,27,27,Direct free kick,
17/18,LaLiga,31,H,FC Barcelona,CD Leganes,SS ,32,32,Left-footed shot,Philippe Coutinho
17/18,LaLiga,31,H,FC Barcelona,CD Leganes,SS ,87,87,Left-footed shot,Ousmane Dembele
17/18,Copa del Rey,Final,A,FC Barcelona,Sevilla FC,SS,31,31,Left-footed shot,Jordi Alba
17/18,LaLiga,35,A,FC Barcelona,Deportivo de La Coruaa,CF ,38,38,Left-footed shot,Luis Suarez
17/18,LaLiga,35,A,FC Barcelona,Deportivo de La Coruaa,CF ,82,82,Right-footed shot,Luis Suarez
17/18,LaLiga,35,A,FC Barcelona,Deportivo de La Coruaa,CF ,85,85,Left-footed shot,Luis Suarez
17/18,LaLiga,36,H,FC Barcelona,Real Madrid,SS,52,52,Left-footed shot,Luis Suarez
17/18,LaLiga,34,H,FC Barcelona,Villarreal CF,CF,45,45,Left-footed shot,Andres Iniesta
18/19,LaLiga,1,H,FC Barcelona,Deportivo Alaves,RW ,64,64,Direct free kick,
18/19,LaLiga,1,H,FC Barcelona,Deportivo Alaves,RW ,90+2,90+2,Left-footed shot,Luis Suarez
18/19,LaLiga,3,H,FC Barcelona,SD Huesca,RW ,16,16,Right-footed shot,Ivan Rakitic
18/19,LaLiga,3,H,FC Barcelona,SD Huesca,RW ,61,61,Left-footed shot,Philippe Coutinho
18/19,UEFA Champions League,Group Stage,H,FC Barcelona,PSV Eindhoven,RW ,31,31,Direct free kick,
18/19,UEFA Champions League,Group Stage,H,FC Barcelona,PSV Eindhoven,RW ,77,77,Left-footed shot,Ivan Rakitic
18/19,UEFA Champions League,Group Stage,H,FC Barcelona,PSV Eindhoven,RW ,87,87,Right-footed shot,Luis Suarez
18/19,LaLiga,5,H,FC Barcelona,Girona FC,RW ,19,19,Left-footed shot,Arturo Vidal
18/19,UEFA Champions League,Group Stage,A,FC Barcelona,Tottenham Hotspur,RW ,56,56,Left-footed shot,Jordi Alba
18/19,UEFA Champions League,Group Stage,A,FC Barcelona,Tottenham Hotspur,RW ,90,90,Left-footed shot,Jordi Alba
18/19,LaLiga,8,A,FC Barcelona,Valencia CF,RW ,23,23,Left-footed shot,Luis Suarez
18/19,LaLiga,9,H,FC Barcelona,Sevilla FC,RW ,12,12,Left-footed shot,Luis Suarez
18/19,LaLiga,12,H,FC Barcelona,Real Betis Balompie,SS ,68,68,Penalty,
18/19,LaLiga,12,H,FC Barcelona,Real Betis Balompie,SS ,90+4,90+4,Left-footed shot,Arturo Vidal
18/19,UEFA Champions League,Group Stage,A,FC Barcelona,PSV Eindhoven,CF ,61,61,Left-footed shot,Ousmane Dembele
18/19,LaLiga,15,A,FC Barcelona,RCD Espanyol Barcelona,RW ,17,17,Direct free kick,
18/19,LaLiga,15,A,FC Barcelona,RCD Espanyol Barcelona,RW ,65,65,Direct free kick,
18/19,LaLiga,16,A,FC Barcelona,Levante UD,SS ,43,43,Right-footed shot,Sergio Busquets
18/19,LaLiga,16,A,FC Barcelona,Levante UD,SS ,47,47,Left-footed shot,
18/19,LaLiga,16,A,FC Barcelona,Levante UD,SS ,60,60,Left-footed shot,Arturo Vidal
18/19,LaLiga,17,H,FC Barcelona,Celta de Vigo,RW ,45,45,Left-footed shot,Jordi Alba
18/19,LaLiga,18,A,FC Barcelona,Getafe CF,RW ,20,20,Left-footed shot,
18/19,LaLiga,19,H,FC Barcelona,SD Eibar,RW ,53,53,Left-footed shot,Luis Suarez
18/19,Copa del Rey,last 16,H,FC Barcelona,Levante UD,CF ,54,54,Left-footed shot,Nelson Semedo
18/19,LaLiga,20,H,FC Barcelona,CD Leganes,SS,90+2,90+2,Right-footed shot,Jordi Alba
18/19,LaLiga,21,A,FC Barcelona,Girona FC,RW ,69,69,Left-footed shot,Jordi Alba
18/19,Copa del Rey,Quarter-Finals,H,FC Barcelona,Sevilla FC,RW ,90+2,90+2,Left-footed shot,Jordi Alba
18/19,LaLiga,22,H,FC Barcelona,Valencia CF,RW ,39,39,Penalty,
18/19,LaLiga,22,H,FC Barcelona,Valencia CF,RW ,64,64,Left-footed shot,Arturo Vidal
18/19,LaLiga,24,H,FC Barcelona,Real Valladolid CF,RW ,43,43,Penalty,
18/19,LaLiga,25,A,FC Barcelona,Sevilla FC,RW ,26,26,Left-footed shot,Ivan Rakitic
18/19,LaLiga,25,A,FC Barcelona,Sevilla FC,RW ,67,67,Right-footed shot,Ousmane Dembele
18/19,LaLiga,25,A,FC Barcelona,Sevilla FC,RW ,85,85,Left-footed shot,
18/19,LaLiga,27,H,FC Barcelona,Rayo Vallecano,RW ,51,51,Penalty,
18/19,UEFA Champions League,last 16,H,FC Barcelona,Olympique Lyon,RW ,18,18,Penalty,
18/19,UEFA Champions League,last 16,H,FC Barcelona,Olympique Lyon,RW ,78,78,Right-footed shot,Sergio Busquets
18/19,LaLiga,28,A,FC Barcelona,Real Betis Balompie,SS ,18,18,Direct free kick,
18/19,LaLiga,28,A,FC Barcelona,Real Betis Balompie,SS ,45+2,45+2,Left-footed shot,Luis Suarez
18/19,LaLiga,28,A,FC Barcelona,Real Betis Balompie,SS ,85,85,Left-footed shot,Ivan Rakitic
18/19,LaLiga,29,H,FC Barcelona,RCD Espanyol Barcelona,RW ,71,71,Direct free kick,
18/19,LaLiga,29,H,FC Barcelona,RCD Espanyol Barcelona,RW ,89,89,Left-footed shot,Malcom
18/19,LaLiga,30,A,FC Barcelona,Villarreal CF,RW,90,90,Direct free kick,
18/19,LaLiga,31,H,FC Barcelona,Atletico de Madrid,SS ,87,87,Left-footed shot,
18/19,UEFA Champions League,Quarter-Finals,H,FC Barcelona,Manchester United,RW ,16,16,Left-footed shot,
18/19,UEFA Champions League,Quarter-Finals,H,FC Barcelona,Manchester United,RW ,20,20,Right-footed shot,
18/19,LaLiga,35,H,FC Barcelona,Levante UD,RW,62,62,Left-footed shot,Arturo Vidal
18/19,UEFA Champions League,Semi-Finals,H,FC Barcelona,Liverpool FC,RW ,75,75,Left-footed shot,Luis Suarez
18/19,UEFA Champions League,Semi-Finals,H,FC Barcelona,Liverpool FC,RW ,82,82,Direct free kick,
18/19,LaLiga,38,A,FC Barcelona,SD Eibar,CF ,31,31,Left-footed shot,Arturo Vidal
18/19,LaLiga,38,A,FC Barcelona,SD Eibar,CF ,32,32,Left-footed shot,Ivan Rakitic
18/19,Copa del Rey,Final,H,FC Barcelona,Valencia CF,CF ,73,73,Left-footed shot,Clement Lenglet
19/20,LaLiga,8,H,FC Barcelona,Sevilla FC,RW ,78,78,Direct free kick,
19/20,LaLiga,9,A,FC Barcelona,SD Eibar,RW ,58,58,Left-footed shot,Antoine Griezmann
19/20,UEFA Champions League,Group Stage,A,FC Barcelona,SK Slavia Prague,RW ,3,3,Left-footed shot,Arthur
19/20,LaLiga,11,H,FC Barcelona,Real Valladolid CF,RW ,34,34,Direct free kick,
19/20,LaLiga,11,H,FC Barcelona,Real Valladolid CF,RW ,75,75,Left-footed shot,Ivan Rakitic
19/20,LaLiga,12,A,FC Barcelona,Levante UD,RW ,38,38,Penalty,
19/20,LaLiga,13,H,FC Barcelona,Celta de Vigo,RW ,23,23,Penalty,
19/20,LaLiga,13,H,FC Barcelona,Celta de Vigo,RW ,45+1,45+1,Direct free kick,
19/20,LaLiga,13,H,FC Barcelona,Celta de Vigo,RW ,48,48,Direct free kick,
19/20,UEFA Champions League,Group Stage,H,FC Barcelona,Borussia Dortmund,RW ,33,33,Left-footed shot,Luis Suarez
19/20,LaLiga,15,A,FC Barcelona,Atletico de Madrid,RW ,86,86,Left-footed shot,Luis Suarez
19/20,LaLiga,16,H,FC Barcelona,RCD Mallorca,RW ,17,17,Left-footed shot,Antoine Griezmann
19/20,LaLiga,16,H,FC Barcelona,RCD Mallorca,RW ,41,41,Left-footed shot,Ivan Rakitic
19/20,LaLiga,16,H,FC Barcelona,RCD Mallorca,RW ,83,83,Left-footed shot,Luis Suarez
19/20,LaLiga,18,H,FC Barcelona,Deportivo Alaves,RW ,69,69,Left-footed shot,Luis Suarez
19/20,Supercopa,Semi-Finals,H,FC Barcelona,Atletico de Madrid,RW ,51,51,Right-footed shot,Luis Suarez
19/20,LaLiga,20,H,FC Barcelona,Granada CF,CF ,76,76,Right-footed shot,Arturo Vidal
19/20,Copa del Rey,Round of 16,H,FC Barcelona,CD Leganes,RW ,59,59,Left-footed shot,Frenkie de Jong
19/20,Copa del Rey,Round of 16,H,FC Barcelona,CD Leganes,RW ,89,89,Left-footed shot,Ivan Rakitic
19/20,LaLiga,25,H,FC Barcelona,SD Eibar,SS ,14,14,Left-footed shot,Ivan Rakitic
19/20,LaLiga,25,H,FC Barcelona,SD Eibar,SS ,37,37,Left-footed shot,Arturo Vidal
19/20,LaLiga,25,H,FC Barcelona,SD Eibar,SS ,40,40,Left-footed shot,
19/20,LaLiga,25,H,FC Barcelona,SD Eibar,SS ,87,87,Left-footed shot,
19/20,LaLiga,27,H,FC Barcelona,Real Sociedad,CF ,81,81,Penalty,
19/20,LaLiga,28,A,FC Barcelona,RCD Mallorca,RW ,90+3,90+3,Right-footed shot,Luis Suarez
19/20,LaLiga,29,H,FC Barcelona,CD Leganes,RW ,69,69,Penalty,
19/20,LaLiga,33,H,FC Barcelona,Atletico de Madrid,SS ,50,50,Penalty,
19/20,LaLiga,37,H,FC Barcelona,CA Osasuna,RW ,62,62,Direct free kick,
19/20,LaLiga,38,A,FC Barcelona,Deportivo Alaves,RW ,34,34,Left-footed shot,Riqui Puig
19/20,LaLiga,38,A,FC Barcelona,Deportivo Alaves,RW ,75,75,Left-footed shot,Jordi Alba
19/20,UEFA Champions League,last 16,H,FC Barcelona,SSC Napoli,SS ,23,23,Left-footed shot,
20/21,LaLiga,3,H,FC Barcelona,Villarreal CF,CF ,35,35,Penalty,
20/21,UEFA Champions League,Group Stage,H,FC Barcelona,Ferencvarosi TC,CF ,27,27,Penalty,
20/21,UEFA Champions League,Group Stage,A,FC Barcelona,Juventus FC,CF ,90+1,90+1,Penalty,
20/21,UEFA Champions League,Group Stage,H,FC Barcelona,Dynamo Kyiv,RW ,5,5,Penalty,
20/21,LaLiga,9,H,FC Barcelona,Real Betis Balompie,CF,61,61,Penalty,
20/21,LaLiga,9,H,FC Barcelona,Real Betis Balompie,CF,82,82,Left-footed shot,Sergi Roberto
20/21,LaLiga,11,H,FC Barcelona,CA Osasuna,RW ,73,73,Left-footed shot,Francisco TrincÃ£o
20/21,LaLiga,13,H,FC Barcelona,Levante UD,CF ,76,76,Left-footed shot,Frenkie de Jong
20/21,LaLiga,14,H,FC Barcelona,Valencia CF,CF ,45+4,45+4,Header,
20/21,LaLiga,15,A,FC Barcelona,Real Valladolid CF,AM ,65,65,Left-footed shot,Pedri
20/21,LaLiga,2,A,FC Barcelona,Athletic Bilbao,CF ,38,38,Left-footed shot,Pedri
20/21,LaLiga,2,A,FC Barcelona,Athletic Bilbao,CF ,62,62,Left-footed shot,Antoine Griezmann
20/21,LaLiga,18,A,FC Barcelona,Granada CF,CF ,35,35,Left-footed shot,Antoine Griezmann
20/21,LaLiga,18,A,FC Barcelona,Granada CF,CF ,42,42,Direct free kick,
20/21,Copa del Rey,Round of 16,A,FC Barcelona,Rayo Vallecano,CF ,69,69,Left-footed shot,Antoine Griezmann
20/21,LaLiga,21,H,FC Barcelona,Athletic Bilbao,CF ,20,20,Direct free kick,
20/21,LaLiga,22,A,FC Barcelona,Real Betis Balompie,CF,59,59,Left-footed shot,Ousmane Dembele
20/21,LaLiga,23,H,FC Barcelona,Deportivo Alaves,CF ,45+1,45+1,Left-footed shot,Sergio Busquets
20/21,LaLiga,23,H,FC Barcelona,Deportivo Alaves,CF ,75,75,Left-footed shot,Antoine Griezmann
20/21,UEFA Champions League,last 16,H,FC Barcelona,Paris Saint-Germain,CF ,27,27,Penalty,
20/21,LaLiga,24,H,FC Barcelona,Cadiz CF,CF ,32,32,Penalty,
20/21,LaLiga,1,H,FC Barcelona,Elche CF,CF ,48,48,Left-footed shot,Martin Braithwaite
20/21,LaLiga,1,H,FC Barcelona,Elche CF,CF ,68,68,Left-footed shot,Frenkie de Jong
20/21,LaLiga,25,A,FC Barcelona,Sevilla FC,CF ,85,85,Right-footed shot,Ilaix Moriba
20/21,UEFA Champions League,last 16,A,FC Barcelona,Paris Saint-Germain,SS ,37,37,Long distance kick,Pedri
20/21,LaLiga,27,H,FC Barcelona,SD Huesca,SS ,13,13,Left-footed shot,Sergio Busquets
20/21,LaLiga,27,H,FC Barcelona,SD Huesca,SS ,90,90,Left-footed shot,Francisco TrincÃ£o
20/21,LaLiga,28,A,FC Barcelona,Real Sociedad,SS ,56,56,Left-footed shot,Sergio Busquets
20/21,LaLiga,28,A,FC Barcelona,Real Sociedad,SS ,89,89,Left-footed shot,Jordi Alba
20/21,Copa del Rey,Final,A,FC Barcelona,Athletic Bilbao,CF ,68,68,Left-footed shot,Frenkie de Jong
20/21,Copa del Rey,Final,A,FC Barcelona,Athletic Bilbao,CF ,72,72,Left-footed shot,Jordi Alba
20/21,LaLiga,31,H,FC Barcelona,Getafe CF,CF ,8,8,Left-footed shot,Sergio Busquets
20/21,LaLiga,31,H,FC Barcelona,Getafe CF,CF ,33,33,Left-footed shot,
20/21,LaLiga,33,H,FC Barcelona,Granada CF,CF ,23,23,Left-footed shot,Antoine Griezmann
20/21,LaLiga,34,A,FC Barcelona,Valencia CF,CF ,57,57,Left-footed shot,
20/21,LaLiga,34,A,FC Barcelona,Valencia CF,CF ,69,69,Direct free kick,
20/21,LaLiga,36,A,FC Barcelona,Levante UD,SS ,25,25,Left-footed shot,
20/21,LaLiga,37,H,FC Barcelona,Celta de Vigo,SS ,28,28,Header,Sergio Busquets
21/22,UEFA Champions League,Group Stage,H,Paris Saint-Germain,Manchester City,RW,74,74,Left-footed shot,Kylian Mbappe
21/22,UEFA Champions League,Group Stage,H,Paris Saint-Germain,RB Leipzig,RW,67,67,Left-footed shot,Kylian Mbappe
21/22,UEFA Champions League,Group Stage,H,Paris Saint-Germain,RB Leipzig,RW,74,74,Penalty,
21/22,Ligue 1,14,H,Paris Saint-Germain,FC Nantes,RW,87,87,Left-footed shot,Kylian Mbappe
21/22,UEFA Champions League,Group Stage,H,Paris Saint-Germain,Club Brugge KV,CF,38,38,Left-footed shot,Kylian Mbappe
21/22,UEFA Champions League,Group Stage,H,Paris Saint-Germain,Club Brugge KV,CF,76,76,Penalty,
21/22,Ligue 1,23,A,Paris Saint-Germain,LOSC Lille,CF,38,38,Left-footed shot,
21/22,Ligue 1,30,H,Paris Saint-Germain,FC Lorient,RW,73,73,Left-footed shot,Kylian Mbappe
21/22,Ligue 1,34,H,Paris Saint-Germain,RC Lens,RW,68,68,Left-footed shot,Neymar
21/22,Ligue 1,37,A,Paris Saint-Germain,Montpellier,CF,6,6,Left-footed shot,Kylian Mbappé
21/22,Ligue 1,37,A,Paris Saint-Germain,Montpellier,CF,20,20,Left-footed shot,Kylian Mbappé
21/22,Trophée des Champions,Final,H,Paris Saint-Germain,FC Nantes,CF,22,22,Right-footed shot,
21/22,Ligue 1,1,A,Paris Saint-Germain,Clermont Foot,CF,80,80,Left-footed shot,Neymar
21/22,Ligue 1,1,A,Paris Saint-Germain,Clermont Foot,CF,86,86,Left-footed shot,Leandro Paredes
22/23,Troph�e des Champions,Final,H,Paris Saint-Germain,FC Nantes,CF,22,22,Right-footed shot,
22/23,Ligue 1,1,A,Paris Saint-Germain,Clermont Foot,CF,80,80,Left-footed shot,Neymar
22/23,Ligue 1,1,A,Paris Saint-Germain,Clermont Foot,CF,86,86,Left-footed shot,Leandro Paredes
22/23,Ligue 1,3,A,Paris Saint-Germain,LOSC Lille,AM,27,27,Right-footed shot,Nuno Mendes
22/23,Champions League,Group Stage,A,Paris Saint-Germain,Maccabi Haifa,SS,37,37,Left-footed shot,
22/23,Ligue 1,8,A,Paris Saint-Germain,Olympique Lyon,AM,5,5,Left-footed shot,Neymar
22/23,Ligue 1,9,H,Paris Saint-Germain,OGC Nice,AM,28,28,Direct free kick,
22/23,UEFA Champions League,Group Stage,A,Paris Saint-Germain,SL Benfica,AM,22,22,Left-footed shot,Neymar
22/23,Ligue 1,12,A,Paris Saint-Germain,AC Ajaccio,CF,78,78,Left-footed shot,Kylian Mbappe
22/23,UEFA Champions League,Group Stage,H,Paris Saint-Germain,Maccabi Haifa,SS,19,19,Left-footed shot,Kylian Mbappe
22/23,UEFA Champions League,Group Stage,H,Paris Saint-Germain,Maccabi Haifa,SS,44,44,Left-footed shot,Kylian Mbappe
22/23,Ligue 1,13,H,Paris Saint-Germain,ESTAC Troyes,RW,55,55,Left-footed shot,Sergio Ramos
22/23,Ligue 1,18,H,Paris Saint-Germain,Angers SCO,AM,72,72,Right-footed shot,Nordi Mukiele
22/23,Ligue 1,21,A,Paris Saint-Germain,Montpellier HSC,SS,72,72,Left-footed shot,Fabián Ruiz
22/23,Ligue 1,22,H,Paris Saint-Germain,FC Toulouse,SS,58,58,Left-footed shot,Achraf Hakimi
22/23,Ligue 1,24,H,Paris Saint-Germain,LOSC Lille,CF,90+5,90+5,Direct free kick,"	"
22/23,Ligue 1,25,A,Paris Saint-Germain,Olympique Marseille,CF,29,29,Right-footed shot,Kylian Mbappé
22/23,Ligue 1,26,H,Paris Saint-Germain,FC Nantes,CF,12,12,Left-footed shot,
